"copula","Gaussian"
5.57065275499369e-05,0
0.0110356117054297,1.56749835333869e-10
0,0
5.45972711485376e-10,0
0.0633681899359754,3.67837527104342e-09
0.241760888900142,4.27532453883828e-11
1.78451781216449e-05,0
0,0
0.0129418610154666,4.02502164931207e-09
0.0702677769265951,3.41028004946509e-06
0,0
3.2973852381879e-07,6.99607038967542e-12
0.293663973416359,5.91845528393753e-05
0.389299935573144,1.72595816505527e-06
0.00198675348320021,6.99607038967542e-12
1.40798483982962e-12,0
0,0
