"copula","Gaussian"
0.000101608078329596,0
0.00868445159855169,2.4827495614943e-10
0,0
3.88345577917448e-10,0
0.04577954170337,5.27326138310968e-09
0.233809628926778,2.75468536869994e-11
2.03948515747898e-05,0
0,0
0.00155544733989221,1.49891210554642e-10
0.206193775229857,7.95571148465291e-05
0,0
5.91845528393753e-05,1.77635683940025e-15
0.162671444196278,7.38750747075745e-06
0.484885096003322,5.3193118992878e-06
7.21208542691087e-05,9.81437153768638e-14
1.77635683940025e-15,0
0,0
