"copula","Gaussian"
6.771164666175e-05,0
0.00748047178145861,1.09466991027318e-10
0,0
5.58080692769636e-10,0
0.0417933835327052,1.4140251192174e-09
0.254411672286412,3.80302456193249e-11
1.01990920553519e-05,0
0,0
0.00119189570066991,2.47386222618218e-10
0.143638504260489,1.40742975134334e-05
0,0
2.91102504407226e-05,1.64894764509427e-11
0.158475834345561,9.59183399721342e-05
0.723196689482192,3.18852388936364e-09
0.0216043692537266,1.11022302462516e-16
1.80644388336759e-12,0
0,0
